size,elapsed_time
10,5.4e-06
110,4.76e-05
210,7.78e-05
310,0.0001238
410,0.0001654
510,0.0002152
610,0.0002108
710,8.1e-05
810,0.0001004
910,0.000104
