size,elapsed_time
1000,0.0011012
11000,0.120281
21000,0.447886
31000,0.961798
41000,1.7696
51000,2.79627
61000,4.07076
71000,5.11772
81000,6.71227
91000,8.64098
